{
  "GET Picture List" : {
    "transaction" : "GET Picture List",
    "sampleCount" : 50,
    "errorCount" : 0,
    "errorPct" : 0.0,
    "meanResTime" : 75.72,
    "medianResTime" : 15.5,
    "minResTime" : 8.0,
    "maxResTime" : 1194.0,
    "pct1ResTime" : 133.6,
    "pct2ResTime" : 398.34999999999786,
    "pct3ResTime" : 1194.0,
    "throughput" : 6.481721545242417,
    "receivedKBytesPerSec" : 5.820003605457609,
    "sentKBytesPerSec" : 3.3256801756546537
  },
  "Get Sub Category" : {
    "transaction" : "Get Sub Category",
    "sampleCount" : 100,
    "errorCount" : 0,
    "errorPct" : 0.0,
    "meanResTime" : 883.9899999999997,
    "medianResTime" : 761.5,
    "minResTime" : 569.0,
    "maxResTime" : 1409.0,
    "pct1ResTime" : 1350.7,
    "pct2ResTime" : 1358.0,
    "pct3ResTime" : 1408.94,
    "throughput" : 64.35006435006436,
    "receivedKBytesPerSec" : 50.89436534749034,
    "sentKBytesPerSec" : 33.361486486486484
  },
  "login" : {
    "transaction" : "login",
    "sampleCount" : 850,
    "errorCount" : 385,
    "errorPct" : 45.294117,
    "meanResTime" : 1192.98705882353,
    "medianResTime" : 1267.5,
    "minResTime" : 26.0,
    "maxResTime" : 2859.0,
    "pct1ResTime" : 2307.8,
    "pct2ResTime" : 2481.0,
    "pct3ResTime" : 2602.49,
    "throughput" : 83.17839318915746,
    "receivedKBytesPerSec" : 55.854902632351504,
    "sentKBytesPerSec" : 42.07656999217145
  },
  "Get news" : {
    "transaction" : "Get news",
    "sampleCount" : 110,
    "errorCount" : 0,
    "errorPct" : 0.0,
    "meanResTime" : 108.4727272727273,
    "medianResTime" : 84.5,
    "minResTime" : 23.0,
    "maxResTime" : 292.0,
    "pct1ResTime" : 258.0,
    "pct2ResTime" : 271.0,
    "pct3ResTime" : 290.57,
    "throughput" : 99.18845807033364,
    "receivedKBytesPerSec" : 3169.4296311429216,
    "sentKBytesPerSec" : 50.6579688908927
  },
  "GET Filename" : {
    "transaction" : "GET Filename",
    "sampleCount" : 50,
    "errorCount" : 0,
    "errorPct" : 0.0,
    "meanResTime" : 239.32,
    "medianResTime" : 90.0,
    "minResTime" : 64.0,
    "maxResTime" : 982.0,
    "pct1ResTime" : 677.5,
    "pct2ResTime" : 816.0999999999997,
    "pct3ResTime" : 982.0,
    "throughput" : 6.488450558006749,
    "receivedKBytesPerSec" : 6065.123513739294,
    "sentKBytesPerSec" : 1.567619793018427
  },
  "Get Path Add News-3" : {
    "transaction" : "Get Path Add News-3",
    "sampleCount" : 40,
    "errorCount" : 0,
    "errorPct" : 0.0,
    "meanResTime" : 8.625,
    "medianResTime" : 8.0,
    "minResTime" : 6.0,
    "maxResTime" : 17.0,
    "pct1ResTime" : 12.0,
    "pct2ResTime" : 12.949999999999996,
    "pct3ResTime" : 17.0,
    "throughput" : 21.551724137931036,
    "receivedKBytesPerSec" : 13.090988685344827,
    "sentKBytesPerSec" : 8.92376077586207
  },
  "Get Path Add News-2" : {
    "transaction" : "Get Path Add News-2",
    "sampleCount" : 40,
    "errorCount" : 0,
    "errorPct" : 0.0,
    "meanResTime" : 13.849999999999998,
    "medianResTime" : 13.0,
    "minResTime" : 5.0,
    "maxResTime" : 23.0,
    "pct1ResTime" : 21.9,
    "pct2ResTime" : 22.0,
    "pct3ResTime" : 23.0,
    "throughput" : 21.436227224008576,
    "receivedKBytesPerSec" : 22.566653269024652,
    "sentKBytesPerSec" : 8.834070203644158
  },
  "Get Path Add News-5" : {
    "transaction" : "Get Path Add News-5",
    "sampleCount" : 40,
    "errorCount" : 0,
    "errorPct" : 0.0,
    "meanResTime" : 23.725,
    "medianResTime" : 26.0,
    "minResTime" : 8.0,
    "maxResTime" : 38.0,
    "pct1ResTime" : 35.8,
    "pct2ResTime" : 37.89999999999999,
    "pct3ResTime" : 38.0,
    "throughput" : 21.656740660530588,
    "receivedKBytesPerSec" : 665.7184792907417,
    "sentKBytesPerSec" : 8.90379669734705
  },
  "Get Path Add News-4" : {
    "transaction" : "Get Path Add News-4",
    "sampleCount" : 40,
    "errorCount" : 0,
    "errorPct" : 0.0,
    "meanResTime" : 8.900000000000002,
    "medianResTime" : 7.5,
    "minResTime" : 5.0,
    "maxResTime" : 21.0,
    "pct1ResTime" : 14.0,
    "pct2ResTime" : 19.699999999999974,
    "pct3ResTime" : 21.0,
    "throughput" : 21.668472372697725,
    "receivedKBytesPerSec" : 10.537987540628386,
    "sentKBytesPerSec" : 8.95094122426869
  },
  "Transaction-GetPicture" : {
    "transaction" : "Transaction-GetPicture",
    "sampleCount" : 50,
    "errorCount" : 0,
    "errorPct" : 0.0,
    "meanResTime" : 315.04,
    "medianResTime" : 120.5,
    "minResTime" : 76.0,
    "maxResTime" : 1647.0,
    "pct1ResTime" : 851.7999999999998,
    "pct2ResTime" : 1055.4499999999996,
    "pct3ResTime" : 1647.0,
    "throughput" : 6.425083526085839,
    "receivedKBytesPerSec" : 6011.659895230981,
    "sentKBytesPerSec" : 4.848930223592907
  },
  "Get Path Add News-1" : {
    "transaction" : "Get Path Add News-1",
    "sampleCount" : 40,
    "errorCount" : 0,
    "errorPct" : 0.0,
    "meanResTime" : 26.424999999999997,
    "medianResTime" : 25.5,
    "minResTime" : 17.0,
    "maxResTime" : 40.0,
    "pct1ResTime" : 36.8,
    "pct2ResTime" : 38.0,
    "pct3ResTime" : 40.0,
    "throughput" : 21.287919105907395,
    "receivedKBytesPerSec" : 516.265820416445,
    "sentKBytesPerSec" : 9.292675625332624
  },
  "Get Path Add News-0" : {
    "transaction" : "Get Path Add News-0",
    "sampleCount" : 40,
    "errorCount" : 0,
    "errorPct" : 0.0,
    "meanResTime" : 9.3,
    "medianResTime" : 8.0,
    "minResTime" : 6.0,
    "maxResTime" : 18.0,
    "pct1ResTime" : 12.899999999999999,
    "pct2ResTime" : 17.949999999999996,
    "pct3ResTime" : 18.0,
    "throughput" : 21.401819154628143,
    "receivedKBytesPerSec" : 54.71676029962547,
    "sentKBytesPerSec" : 8.966191813804173
  },
  "Get major" : {
    "transaction" : "Get major",
    "sampleCount" : 110,
    "errorCount" : 0,
    "errorPct" : 0.0,
    "meanResTime" : 52.31818181818184,
    "medianResTime" : 39.0,
    "minResTime" : 8.0,
    "maxResTime" : 185.0,
    "pct1ResTime" : 129.30000000000004,
    "pct2ResTime" : 173.0,
    "pct3ResTime" : 184.45,
    "throughput" : 103.28638497652582,
    "receivedKBytesPerSec" : 36.109888497652584,
    "sentKBytesPerSec" : 52.85174589201878
  },
  "Post News Data" : {
    "transaction" : "Post News Data",
    "sampleCount" : 40,
    "errorCount" : 10,
    "errorPct" : 25.0,
    "meanResTime" : 1018.9500000000002,
    "medianResTime" : 831.5,
    "minResTime" : 530.0,
    "maxResTime" : 2087.0,
    "pct1ResTime" : 1629.8999999999999,
    "pct2ResTime" : 2044.1999999999982,
    "pct3ResTime" : 2087.0,
    "throughput" : 15.284677111196027,
    "receivedKBytesPerSec" : 5.313813526939243,
    "sentKBytesPerSec" : 10.764204002674818
  },
  "Get Path News" : {
    "transaction" : "Get Path News",
    "sampleCount" : 40,
    "errorCount" : 0,
    "errorPct" : 0.0,
    "meanResTime" : 560.1499999999999,
    "medianResTime" : 678.5,
    "minResTime" : 95.0,
    "maxResTime" : 848.0,
    "pct1ResTime" : 827.4,
    "pct2ResTime" : 847.55,
    "pct3ResTime" : 848.0,
    "throughput" : 14.754703061600885,
    "receivedKBytesPerSec" : 891.0752778033936,
    "sentKBytesPerSec" : 36.915575433419406
  },
  "Get Major in Add News" : {
    "transaction" : "Get Major in Add News",
    "sampleCount" : 40,
    "errorCount" : 0,
    "errorPct" : 0.0,
    "meanResTime" : 108.39999999999998,
    "medianResTime" : 33.0,
    "minResTime" : 9.0,
    "maxResTime" : 1402.0,
    "pct1ResTime" : 168.09999999999982,
    "pct2ResTime" : 807.4499999999998,
    "pct3ResTime" : 1402.0,
    "throughput" : 21.73913043478261,
    "receivedKBytesPerSec" : 7.600203804347826,
    "sentKBytesPerSec" : 11.124320652173912
  },
  "Transaction-AddNews" : {
    "transaction" : "Transaction-AddNews",
    "sampleCount" : 40,
    "errorCount" : 10,
    "errorPct" : 25.0,
    "meanResTime" : 1831.4249999999997,
    "medianResTime" : 1824.0,
    "minResTime" : 806.0,
    "maxResTime" : 3109.0,
    "pct1ResTime" : 2591.7,
    "pct2ResTime" : 2988.9999999999986,
    "pct3ResTime" : 3109.0,
    "throughput" : 11.046672190002763,